-- phpMyAdmin SQL Dump
-- version 5.0.2
-- https://www.phpmyadmin.net/
--
-- Host: 127.0.0.1
-- Generation Time: Aug 30, 2020 at 08:22 AM
-- Server version: 10.4.13-MariaDB
-- PHP Version: 7.2.31

SET SQL_MODE = "NO_AUTO_VALUE_ON_ZERO";
START TRANSACTION;
SET time_zone = "+00:00";


/*!40101 SET @OLD_CHARACTER_SET_CLIENT=@@CHARACTER_SET_CLIENT */;
/*!40101 SET @OLD_CHARACTER_SET_RESULTS=@@CHARACTER_SET_RESULTS */;
/*!40101 SET @OLD_COLLATION_CONNECTION=@@COLLATION_CONNECTION */;
/*!40101 SET NAMES utf8mb4 */;

--
-- Database: `stayyoung`
--

-- --------------------------------------------------------

--
-- Table structure for table `customer`
--

CREATE TABLE `customer` (
  `CustomerID` int(2) NOT NULL,
  `FirstName` varchar(20) COLLATE utf8_hungarian_ci NOT NULL,
  `LastName` varchar(20) COLLATE utf8_hungarian_ci NOT NULL,
  `ZIPCODE` int(10) NOT NULL,
  `City` varchar(20) COLLATE utf8_hungarian_ci NOT NULL,
  `Country` varchar(20) COLLATE utf8_hungarian_ci NOT NULL,
  `Address` varchar(40) COLLATE utf8_hungarian_ci NOT NULL,
  `TelephonNumber` varchar(40) COLLATE utf8_hungarian_ci NOT NULL,
  `EmailAddress` varchar(40) COLLATE utf8_hungarian_ci NOT NULL,
  `Rank` varchar(10) COLLATE utf8_hungarian_ci NOT NULL,
  `UID` int(2) NOT NULL,
  `LastModified` datetime NOT NULL DEFAULT current_timestamp()
) ENGINE=InnoDB DEFAULT CHARSET=utf8 COLLATE=utf8_hungarian_ci;

--
-- Dumping data for table `customer`
--

INSERT INTO `customer` (`CustomerID`, `FirstName`, `LastName`, `ZIPCODE`, `City`, `Country`, `Address`, `TelephonNumber`, `EmailAddress`, `Rank`, `UID`, `LastModified`) VALUES
(1, 'FIRST', 'Last', 1039, 'Budapest', 'Hungary', 'Street', 'Telephone', 'email@home.hu', '\'deviant\'', 3, '2020-08-19 15:01:55'),
(2, 'Barbár', '', 1039, 'Budapest', 'Hungary', 'Himző utca', '+378032421', 'konyak@barbar.com', 'NewComer', 18, '2020-08-19 15:14:12'),
(3, 'Barbár', 'Konyak', 1039, 'Dagee', 'Konanina', 'Konen utca', '+3670 23324', 'konyak@barbar.com', 'NewComer', 19, '2020-08-19 15:15:19'),
(4, '3', '3', 3, '3', '3', '3', '3', '2132@21312', 'NewComer', 20, '2020-08-19 15:28:09'),
(5, '3241', '12', 3214123, '2314213', '23121', '2341321', '231321', '3214123@234213', 'NewComer', 21, '2020-08-19 15:33:58'),
(6, '21', '1', 23143214, '231213', '32321', '2341321', '32121', '231@213', 'NewComer', 22, '2020-08-19 15:35:15'),
(7, '213214', '214123', 34213, '213123', '324123', '21312', '2314321', '23121@213213', 'NewComer', 23, '2020-08-19 15:39:48'),
(8, '2133123', '231321', 123213, '21321', '21312', '213213', '213312', '21312@213123', 'NewComer', 24, '2020-08-19 15:40:23'),
(9, '213123', '321321', 23113, '21313', '2313214', '231213', '2133213', '4142@213', 'NewComer', 25, '2020-08-19 15:41:18'),
(10, '21', '21', 2134, '2314', '2341', '2314123', '2314213', '21312@21321', 'NewComer', 26, '2020-08-19 15:53:44'),
(11, '2313', '213321', 21332, '213213', '231', '21321', '23132', '21321@21321', 'NewComer', 27, '2020-08-19 15:55:26'),
(12, '2314', '213213', 21321, '213321', '3213', '231321', '231213', '321321@21323', 'NewComer', 28, '2020-08-19 15:56:47'),
(13, '213231', '213321', 321321, '321321', '3213', '3213', '21321', '21312@2313', 'NewComer', 29, '2020-08-19 15:57:06'),
(14, '21323', '2133213', 321321, '231321', '21323', '21323', '23321', '321321@213213', 'NewComer', 30, '2020-08-19 15:57:37'),
(15, '213321', '231321', 213321, '231321', '321321', '321321', '231321', '21321@213213', 'NewComer', 31, '2020-08-19 16:00:40'),
(16, '213412', '321321', 231321, '213213124', '213123', '213321', '3213', '213321@213123', 'NewComer', 32, '2020-08-19 16:02:35'),
(17, 'konyi', 'kanyi', 32134421, '213312', '3214312', '21321', '21442134', '213421@21312', 'NewComer', 33, '2020-08-19 16:03:02'),
(18, 'konyi', 'kanyi', 32134421, '213312', '3214312', '21321', '21442134', '213421@21312', 'NewComer', 34, '2020-08-19 16:08:07'),
(19, '213', '213', 3213, '21323', '2132', '231', '21332', '213321@21321', 'NewComer', 35, '2020-08-19 16:08:22'),
(20, '213', '213', 3213, '21323', '2132', '231', '21332', '213321@21321', 'NewComer', 36, '2020-08-19 16:08:59'),
(21, '213321', '21321', 213231321, '213321', '231321', '21321', '231321', '213312@2132', 'NewComer', 37, '2020-08-19 16:12:02'),
(22, 'asddsa', 'asddsaasdadsd', 0, 'sadsad', 'sadasd', 'sadsad', 'sadsad', 'sadsad@saddsa', 'NewComer', 38, '2020-08-22 11:55:35'),
(23, 'asddsa', 'asddsaasdadsd', 0, 'sadsad', 'sadasd', 'sadsad', 'sadsad', 'sadsad@saddsa', 'NewComer', 39, '2020-08-22 11:55:58'),
(24, 'saddsa', 'sadsadsad', 0, 'sadsa', 'sadsad', 'sadsad', 'sadas', 'sadsa@saddsa', 'NewComer', 40, '2020-08-22 11:56:30'),
(25, 'saddsa', 'sadsadsad', 0, 'sadsa', 'sadsad', 'sadsad', 'sadas', 'sadsa@saddsa', 'NewComer', 41, '2020-08-22 11:56:46'),
(26, 'Dagee', 'Dagee', 0, 'sadsad', 'asdsad', 'asdsad', 'asdsaddsa', 'saddas@sadsad', 'NewComer', 42, '2020-08-22 11:57:09'),
(27, 'Sanyika', 'Sanyi', 213321, '1233213', '32321', '323213', '213213', '3224214@asdasd', 'NewComer', 43, '2020-08-22 11:58:22'),
(28, 'Sanyika', 'Sanyi', 213321, '1233213', '32321', '323213', '213213', '3224214@asdasd', 'NewComer', 44, '2020-08-22 11:59:40'),
(29, 'Sanyika', 'Sanyi', 213321, '1233213', '32321', '323213', '213213', '3224214@asdasd', 'NewComer', 45, '2020-08-22 12:04:44'),
(30, 'Sanyika', 'Sanyi', 213321, '1233213', '32321', '323213', '213213', '3224214@asdasd', 'NewComer', 46, '2020-08-22 12:04:52'),
(31, 'Sanyika', 'Sanyi', 213321, '1233213', '32321', '323213', '213213', '3224214@asdasd', 'NewComer', 47, '2020-08-22 12:05:40'),
(32, 'Sanyika', 'Sanyi', 213321, '1233213', '32321', '323213', '213213', '3224214@asdasd', 'NewComer', 48, '2020-08-22 12:05:47'),
(33, 'Sanyika', 'Sanyi', 213321, '1233213', '32321', '323213', '213213', '3224214@asdasd', 'NewComer', 49, '2020-08-22 12:05:50'),
(34, 'Sanyika', 'Sanyi', 213321, '1233213', '32321', '323213', '213213', '3224214@asdasd', 'NewComer', 50, '2020-08-22 12:06:08'),
(35, 'Sanyika', 'Sanyi', 213321, '1233213', '32321', '323213', '213213', '3224214@asdasd', 'NewComer', 51, '2020-08-22 12:06:39'),
(36, 'Sanyika', 'Sanyi', 213321, '1233213', '32321', '323213', '213213', '3224214@asdasd', 'NewComer', 52, '2020-08-22 12:06:59'),
(37, 'Sanyika', 'Sanyi', 213321, '1233213', '32321', '323213', '213213', '3224214@asdasd', 'NewComer', 53, '2020-08-22 12:07:41'),
(38, 'Sanyika', 'Sanyi', 213321, '1233213', '32321', '323213', '213213', '3224214@asdasd', 'NewComer', 54, '2020-08-22 12:09:17'),
(39, 'Sanyika', 'Sanyi', 213321, '1233213', '32321', '323213', '213213', '3224214@asdasd', 'NewComer', 55, '2020-08-22 12:09:55'),
(40, '22132133', '213213231', 2133, '2133213', '21321', '2133', '21312', '21312@213213', 'NewComer', 56, '2020-08-22 12:59:32'),
(41, '213123321321', '2132313', 213213123, '21321', '21312', '21321', '213123', '0213213@danyi', 'NewComer', 57, '2020-08-22 13:01:20'),
(42, '213123321321', '2132313', 213213123, '21321', '21312', '21321', '213123', '0213213@danyi', 'NewComer', 58, '2020-08-22 13:07:44'),
(43, '213123321321', '2132313', 213213123, '21321', '21312', '21321', '213123', '0213213@danyi', 'NewComer', 59, '2020-08-22 13:09:07'),
(44, '213123321321', '2132313', 213213123, '21321', '21312', '21321', '213123', '0213213@danyi', 'NewComer', 60, '2020-08-22 13:10:09'),
(45, 'harminc', 'harminc', 213231, '2313', '3213', '21312', '321', '213231@213', 'NewComer', 61, '2020-08-22 13:10:37'),
(46, 'asd', 'sad', 221321, '213123', '213321', '213123', '2133', '213@asdasd', 'NewComer', 62, '2020-08-22 13:11:23'),
(47, 'asd', 'sad', 221321, '213123', '213321', '213123', '2133', '213@asdasd', 'NewComer', 63, '2020-08-22 13:11:59'),
(48, 'Kalapos', 'Kalap', 2131, 'Gaga', '213123', '213132', '212133', 'asdad@asdasd', 'NewComer', 64, '2020-08-22 13:12:25'),
(49, 'Petika', 'Peter', 213, '213', '213', '2133', '213123', 'asdasd@asdasd', 'NewComer', 65, '2020-08-22 13:14:11'),
(50, 'Harmic dagados', 'Harminc kalapos', 213123, '213123', '213123', '123312', '123123', '123321@21343', 'NewComer', 66, '2020-08-22 13:15:05'),
(51, '21321', '2133', 21332, '21332', '213123', '21332', '213123', '32132@213132hu', 'NewComer', 67, '2020-08-22 13:19:08'),
(52, 'kereks', 'kereks', 213321, '213123', '213312', '213123', '213123', '123321@213231', 'NewComer', 68, '2020-08-22 13:21:03'),
(53, 'kereks', 'kereks', 213321, '213123', '213312', '213123', '213123', '123321@213231', 'NewComer', 69, '2020-08-22 13:30:26'),
(54, 'Láma', 'Dalai', 213, '213', '21332', '21332', '3213', 'dalai@lama', 'NewComer', 70, '2020-08-22 13:30:44'),
(55, 'Láma', 'Dalai', 213, '213', '21332', '21332', '3213', 'dalai@lama', 'NewComer', 71, '2020-08-22 13:35:22'),
(56, 'admin', 'admin', 0, 'admin', '2133', '21332', '213321@2133', 'czeitnerke@gmail.com', 'NewComer', 72, '2020-08-22 14:28:20'),
(57, 'sanyi', 'sanyi', 0, 'sanyi', 'sadsda', 'asdsad', '123312', '231123@sanyi', 'NewComer', 73, '2020-08-22 14:29:58'),
(60, 'asdsad', 'saddsa', 0, 'sadsad', 'sadsad', 'dsadsad', 'dsada', 'asdsda@sadas', 'NewComer', 74, '2020-08-22 14:43:28'),
(61, 'hasika', 'hasika', 0, 'asdasd', 'asdasd', 'sadasd', 'sadasd', 'sadsad@sad', 'NewComer', 75, '2020-08-22 14:43:59'),
(62, 'Szandi', 'Szandi', 12021300, 'Havanna', 'Magyarországszki', '231321', '3213', 'sadsad@asdasd', 'NewComer', 76, '2020-08-22 16:26:14'),
(63, 'Emili', 'Emili', 0, 'pocika', 'hasmenés', 'Kakilia', 'pelenka', 'kakis@pelus', 'NewComer', 77, '2020-08-22 16:31:08'),
(64, 'Emili', 'Emili', 1022, 'Budapest', 'Hung', '3421', '4213321', 'saedads@xn--adsad-4ya', 'NewComer', 78, '2020-08-22 16:37:13');

-- --------------------------------------------------------

--
-- Table structure for table `orderheader`
--

CREATE TABLE `orderheader` (
  `OrderID` int(5) NOT NULL,
  `CustmerID` int(2) NOT NULL,
  `BillName` varchar(20) COLLATE utf8_hungarian_ci NOT NULL,
  `BillAddress` varchar(40) COLLATE utf8_hungarian_ci NOT NULL,
  `DeliveryAddress` varchar(40) COLLATE utf8_hungarian_ci NOT NULL,
  `DeliveryMode` varchar(20) COLLATE utf8_hungarian_ci NOT NULL,
  `PaymentMode` varchar(20) COLLATE utf8_hungarian_ci NOT NULL,
  `TotalPrice` int(10) NOT NULL,
  `DiscountedPrice` int(10) NOT NULL,
  `VoucherUsed` varchar(10) COLLATE utf8_hungarian_ci NOT NULL,
  `PurchasedTime` datetime NOT NULL DEFAULT current_timestamp()
) ENGINE=InnoDB DEFAULT CHARSET=utf8 COLLATE=utf8_hungarian_ci;

--
-- Dumping data for table `orderheader`
--

INSERT INTO `orderheader` (`OrderID`, `CustmerID`, `BillName`, `BillAddress`, `DeliveryAddress`, `DeliveryMode`, `PaymentMode`, `TotalPrice`, `DiscountedPrice`, `VoucherUsed`, `PurchasedTime`) VALUES
(1, 64, 'Emili Emili', 'Hung Budapest 3421', 'Hung Budapest 3421', 'Postai csomag', 'Átutalás', 31262, 31262, 'DEFAULT', '2020-08-29 22:37:34'),
(2, 0, 'Emili Emili', 'Hung Budapest 3421', 'Hung Budapest 3421', 'Postai csomag', 'Átutalás', 31262, 31262, 'DEFAULT', '2020-08-29 22:37:34'),
(3, 64, 'Emili Emili', 'Hung Budapest 3421', 'Hung Budapest 3421', 'Postai csomag', 'Átutalás', 31262, 31262, 'DEFAULT', '2020-08-29 22:37:34'),
(4, 64, 'Emili Emili', 'Hung Budapest 3421', 'Hung Budapest 3421', 'Postai csomag', 'Átutalás', 31262, 31262, 'DEFAULT', '2020-08-29 22:37:34'),
(5, 64, 'Emili Emili', 'Hung Budapest 3421', 'Hung Budapest 3421', 'Postai csomag', 'Átutalás', 31262, 31262, 'DEFAULT', '2020-08-29 22:37:34'),
(6, 64, 'Emili Emili', 'Hung Budapest 3421', 'Hung Budapest 3421', 'Postai csomag', 'Átutalás', 31262, 31262, 'DEFAULT', '2020-08-29 22:37:34'),
(7, 64, 'Emili Emili', 'Hung Budapest 3421', 'Hung Budapest 3421', 'Postai csomag', 'Átutalás', 31262, 0, 'DEFAULT', '2020-08-29 22:37:34'),
(8, 64, 'Emili Emili', 'Hung Budapest 3421', 'Hung Budapest 3421', 'Postai csomag', 'Átutalás', 31262, 31262, 'DEFAULT', '2020-08-29 22:37:34'),
(9, 64, 'Emili Emili', 'Hung Budapest 3421', 'Hung Budapest 3421', 'Postai csomag', 'Átutalás', 31262, 0, 'DEFAULT', '2020-08-29 22:37:34'),
(10, 64, 'Emili Emili', 'Hung Budapest 3421', 'Hung Budapest 3421', 'Postai csomag', 'Átutalás', 31262, 0, 'DEFAULT', '2020-08-29 22:37:34'),
(11, 64, 'Emili Emili', 'Hung Budapest 3421', 'Hung Budapest 3421', 'Postai csomag', 'Átutalás', 31262, 0, 'DEFAULT', '2020-08-29 22:37:34'),
(12, 64, 'Emili Emili', 'Hung Budapest 3421', 'Hung Budapest 3421', 'Postai csomag', 'Átutalás', 31262, 31262, 'DEFAULT', '2020-08-29 22:37:34'),
(13, 64, 'Emili Emili', 'Hung Budapest 3421', 'Hung Budapest 3421', 'Postai csomag', 'Átutalás', 31262, 31262, 'DEFAULT', '2020-08-29 22:37:34'),
(14, 64, 'Emili Emili', 'Hung Budapest 3421', 'Hung Budapest 3421', 'Postai csomag', 'Átutalás', 31262, 31262, 'DEFAULT', '2020-08-29 22:37:34'),
(15, 64, 'Emili Emili', 'Hung Budapest 3421', 'Hung Budapest 3421', 'Postai csomag', 'Átutalás', 31262, 31262, 'DEFAULT', '2020-08-29 22:37:34'),
(16, 64, 'Emili Emili', 'Hung Budapest 3421', 'Hung Budapest 3421', 'Postai csomag', 'Átutalás', 31262, 31262, 'DEFAULT', '2020-08-29 22:37:34'),
(17, 64, 'Emili Emili', 'Hung Budapest 3421', 'Hung Budapest 3421', 'Postai csomag', 'Átutalás', 31262, 31262, 'DEFAULT', '2020-08-29 22:37:34'),
(18, 64, 'Emili Emili', 'Hung Budapest 3421', 'Hung Budapest 3421', 'Postai csomag', 'Átutalás', 31262, 31262, 'DEFAULT', '2020-08-29 22:37:34'),
(19, 64, 'Emili Emili', 'Hung Budapest 3421', 'Hung Budapest 3421', 'Postai csomag', 'Átutalás', 31262, 31262, 'DEFAULT', '2020-08-29 22:37:34'),
(20, 64, 'Emili Emili', 'Hung Budapest 3421', 'Hung Budapest 3421', 'Postai csomag', 'Átutalás', 31262, 31262, 'DEFAULT', '2020-08-29 22:37:34'),
(21, 64, 'Emili Emili', 'Hung Budapest 3421', 'Hung Budapest 3421', 'Postai csomag', 'Átutalás', 31262, 31262, 'DEFAULT', '2020-08-29 22:37:34'),
(22, 64, 'Emili Emili', 'Hung Budapest 3421', 'Hung Budapest 3421', 'Postai csomag', 'Átutalás', 31262, 31262, 'DEFAULT', '2020-08-29 22:37:34'),
(23, 64, 'Emili Emili', 'Hung Budapest 3421', 'Hung Budapest 3421', 'Postai csomag', 'Átutalás', 31262, 31262, 'DEFAULT', '2020-08-29 22:37:34'),
(24, 64, 'Emili Emili', 'Hung Budapest 3421', 'Hung Budapest 3421', 'Postai csomag', 'Átutalás', 31262, 0, 'DEFAULT', '2020-08-29 22:37:34'),
(25, 64, 'Emili Emili', 'Hung Budapest 3421', 'Hung Budapest 3421', 'Postai csomag', 'Átutalás', 31262, 0, 'DEFAULT', '2020-08-29 22:37:34'),
(26, 64, 'Emili Emili', 'Hung Budapest 3421', 'Hung Budapest 3421', 'Postai csomag', 'Átutalás', 31262, 0, 'DEFAULT', '2020-08-29 22:37:34'),
(27, 64, 'Emili Emili', 'Hung Budapest 3421', 'Hung Budapest 3421', 'Postai csomag', 'Átutalás', 31262, 0, 'DEFAULT', '2020-08-29 22:37:34'),
(28, 64, 'Emili Emili', 'Hung Budapest 3421', 'Hung Budapest 3421', 'Postai csomag', 'Átutalás', 31262, 31262, 'DEFAULT', '2020-08-29 22:37:34'),
(29, 64, 'Emili Emili', 'Hung Budapest 3421', 'Hung Budapest 3421', 'Postai csomag', 'Átutalás', 31262, 0, 'DEFAULT', '2020-08-29 22:37:34'),
(30, 64, 'Emili Emili', 'Hung Budapest 3421', 'Hung Budapest 3421', 'Postai csomag', 'Átutalás', 31262, 0, 'DEFAULT', '2020-08-29 22:37:34'),
(31, 64, 'Emili Emili', 'Hung Budapest 3421', 'Hung Budapest 3421', 'Postai csomag', 'Átutalás', 31262, 15631, 'DEFAULT', '2020-08-29 22:37:34'),
(32, 64, 'Emili Emili', 'Hung Budapest 3421', 'Hung Budapest 3421', 'Postai csomag', 'Átutalás', 31262, 0, 'DEFAULT', '2020-08-29 22:37:34'),
(33, 64, 'Emili Emili', 'Hung Budapest 3421', 'Hung Budapest 3421', 'Postai csomag', 'Átutalás', 31262, 0, 'DEFAULT', '2020-08-29 22:37:34'),
(34, 64, 'Emili Emili', 'Hung Budapest 3421', 'Hung Budapest 3421', 'Postai csomag', 'Átutalás', 31262, 31262, 'DEFAULT', '2020-08-29 22:37:34'),
(35, 64, 'Emili Emili', 'Hung Budapest 3421', 'Hung Budapest 3421', 'Postai csomag', 'Átutalás', 31262, 15631, 'DONTBEFAT', '2020-08-29 22:37:34'),
(36, 64, 'Emili Emili', 'Hung Budapest 3421', 'Hung Budapest 3421', 'Postai csomag', 'Átutalás', 31262, 24072, 'SLIMASSJOE', '2020-08-29 22:37:34'),
(37, 64, 'Emili Emili', 'Hung Budapest 3421', 'Hung Budapest 3421', 'Postai csomag', 'Átutalás', 31262, 27823, 'BEYOUNG', '2020-08-29 22:37:34'),
(38, 64, 'Emili Emili', 'Hung Budapest 3421', 'Hung Budapest 3421', 'Postai csomag', 'Átutalás', 31262, 24072, 'SLIMASSJOE', '2020-08-29 22:37:34'),
(39, 64, 'Emili Emili', 'Hung Budapest 3421', 'Hung Budapest 3421', 'Postai csomag', 'Átutalás', 31262, 15631, 'DONTBEFAT', '2020-08-29 22:37:34'),
(40, 64, 'Emili Emili', 'Hung Budapest 3421', 'Hung Budapest 3421', 'Postai csomag', 'Átutalás', 31262, 15631, 'DONTBEFAT', '2020-08-29 22:37:38'),
(41, 64, 'Emili Emili', 'Hung Budapest 3421', 'Hung Budapest 3421', 'Postai csomag', 'Átutalás', 31262, 31262, 'DEFAULT', '2020-08-29 22:39:22'),
(42, 64, 'Emili Emili', 'Hung Budapest 3421', 'Hung Budapest 3421', 'Postai csomag', 'Átutalás', 31262, 31262, 'DEFAULT', '2020-08-29 22:45:43'),
(43, 64, 'Emili Emili', 'Hung Budapest 3421', 'Hung Budapest 3421', 'Postai csomag', 'Átutalás', 31262, 31262, 'DEFAULT', '2020-08-29 22:48:26'),
(44, 64, 'Emili Emili', 'Hung Budapest 3421', 'Hung Budapest 3421', 'Postai csomag', 'Átutalás', 180125, 180125, 'DEFAULT', '2020-08-30 07:02:21'),
(45, 64, 'Emili Emili', 'Hung Budapest 3421', 'Hung Budapest 3421', 'Postai csomag', 'Átutalás', 180125, 180125, 'DEFAULT', '2020-08-30 07:05:36'),
(46, 64, 'Emili Emili', 'Hung Budapest 3421', 'Hung Budapest 3421', 'Postai csomag', 'Átutalás', 180125, 180125, 'DEFAULT', '2020-08-30 07:06:14'),
(47, 64, 'Emili Emili', 'Hung Budapest 3421', 'Hung Budapest 3421', 'Postai csomag', 'Átutalás', 180125, 180125, 'DEFAULT', '2020-08-30 07:06:20'),
(48, 64, 'Emili Emili', 'Hung Budapest 3421', 'Hung Budapest 3421', 'Postai csomag', 'Átutalás', 180125, 180125, 'DEFAULT', '2020-08-30 07:06:44'),
(49, 64, 'Emili Emili', 'Hung Budapest 3421', 'Hung Budapest 3421', 'Postai csomag', 'Átutalás', 180125, 180125, 'DEFAULT', '2020-08-30 07:07:11'),
(50, 64, 'Emili Emili', 'Hung Budapest 3421', 'Hung Budapest 3421', 'Postai csomag', 'Átutalás', 180125, 180125, 'DEFAULT', '2020-08-30 07:07:24'),
(51, 64, 'Emili Emili', 'Hung Budapest 3421', 'Hung Budapest 3421', 'Postai csomag', 'Átutalás', 180125, 180125, 'DEFAULT', '2020-08-30 07:11:44'),
(52, 64, 'Emili Emili', 'Hung Budapest 3421', 'Hung Budapest 3421', 'Postai csomag', 'Átutalás', 180125, 180125, 'DEFAULT', '2020-08-30 07:11:52'),
(53, 64, 'Emili Emili', 'Hung Budapest 3421', 'Hung Budapest 3421', 'Postai csomag', 'Átutalás', 180125, 180125, 'DEFAULT', '2020-08-30 07:12:02'),
(54, 64, 'Emili Emili', 'Hung Budapest 3421', 'Hung Budapest 3421', 'Postai csomag', 'Átutalás', 180125, 180125, 'DEFAULT', '2020-08-30 07:15:11'),
(55, 64, 'Emili Emili', 'Hung Budapest 3421', 'Hung Budapest 3421', 'Postai csomag', 'Átutalás', 180125, 180125, 'DEFAULT', '2020-08-30 07:16:41'),
(56, 64, 'Emili Emili', 'Hung Budapest 3421', 'Hung Budapest 3421', 'Postai csomag', 'Átutalás', 180125, 180125, 'DEFAULT', '2020-08-30 07:17:30'),
(57, 64, 'Emili Emili', 'Hung Budapest 3421', 'Hung Budapest 3421', 'Postai csomag', 'Átutalás', 180125, 180125, 'DEFAULT', '2020-08-30 07:17:42'),
(58, 64, 'Emili Emili', 'Hung Budapest 3421', 'Hung Budapest 3421', 'Postai csomag', 'Átutalás', 180125, 180125, 'DEFAULT', '2020-08-30 07:17:56'),
(59, 64, 'Emili Emili', 'Hung Budapest 3421', 'Hung Budapest 3421', 'Postai csomag', 'Átutalás', 180125, 180125, 'DEFAULT', '2020-08-30 07:29:20'),
(60, 64, 'Emili Emili', 'Hung Budapest 3421', 'Hung Budapest 3421', 'Postai csomag', 'Átutalás', 180125, 180125, 'DEFAULT', '2020-08-30 07:29:31'),
(61, 64, 'Emili Emili', 'Hung Budapest 3421', 'Hung Budapest 3421', 'Postai csomag', 'Átutalás', 180125, 180125, 'DEFAULT', '2020-08-30 07:30:34'),
(62, 64, 'Emili Emili', 'Hung Budapest 3421', 'Hung Budapest 3421', 'Postai csomag', 'Átutalás', 180125, 180125, 'DEFAULT', '2020-08-30 07:32:58'),
(63, 64, 'Emili Emili', 'Hung Budapest 3421', 'Hung Budapest 3421', 'Postai csomag', 'Átutalás', 180125, 180125, 'DEFAULT', '2020-08-30 07:33:23'),
(64, 64, 'Emili Emili', 'Hung Budapest 3421', 'Hung Budapest 3421', 'Postai csomag', 'Átutalás', 180125, 180125, 'DEFAULT', '2020-08-30 07:33:40'),
(65, 64, 'Emili Emili', 'Hung Budapest 3421', 'Hung Budapest 3421', 'Postai csomag', 'Átutalás', 180125, 180125, 'DEFAULT', '2020-08-30 07:34:15'),
(66, 64, 'Emili Emili', 'Hung Budapest 3421', 'Hung Budapest 3421', 'Postai csomag', 'Átutalás', 180125, 180125, 'DEFAULT', '2020-08-30 07:34:50'),
(67, 64, 'Emili Emili', 'Hung Budapest 3421', 'Hung Budapest 3421', 'Postai csomag', 'Átutalás', 180125, 180125, 'DEFAULT', '2020-08-30 07:37:25'),
(68, 64, 'Emili Emili', 'Hung Budapest 3421', 'Hung Budapest 3421', 'Postai csomag', 'Átutalás', 180125, 180125, 'DEFAULT', '2020-08-30 07:37:31'),
(69, 64, 'Emili Emili', 'Hung Budapest 3421', 'Hung Budapest 3421', 'Postai csomag', 'Átutalás', 180125, 180125, 'DEFAULT', '2020-08-30 07:38:00'),
(70, 64, 'Emili Emili', 'Hung Budapest 3421', 'Hung Budapest 3421', 'Postai csomag', 'Átutalás', 180125, 180125, 'DEFAULT', '2020-08-30 07:38:30'),
(71, 64, 'Emili Emili', 'Hung Budapest 3421', 'Hung Budapest 3421', 'Postai csomag', 'Átutalás', 180125, 180125, 'DEFAULT', '2020-08-30 07:41:37'),
(72, 64, 'Emili Emili', 'Hung Budapest 3421', 'Hung Budapest 3421', 'Postai csomag', 'Átutalás', 180125, 180125, 'DEFAULT', '2020-08-30 07:42:58'),
(73, 64, 'Emili Emili', 'Hung Budapest 3421', 'Hung Budapest 3421', 'Postai csomag', 'Átutalás', 180125, 180125, 'DEFAULT', '2020-08-30 07:43:13'),
(74, 64, 'Emili Emili', 'Hung Budapest 3421', 'Hung Budapest 3421', 'Postai csomag', 'Átutalás', 180125, 180125, 'DEFAULT', '2020-08-30 07:43:27'),
(75, 64, 'Emili Emili', 'Hung Budapest 3421', 'Hung Budapest 3421', 'Postai csomag', 'Átutalás', 180125, 180125, 'DEFAULT', '2020-08-30 07:43:48'),
(76, 64, 'Emili Emili', 'Hung Budapest 3421', 'Hung Budapest 3421', 'Postai csomag', 'Átutalás', 180125, 180125, 'DEFAULT', '2020-08-30 07:44:03'),
(77, 64, 'Emili Emili', 'Hung Budapest 3421', 'Hung Budapest 3421', 'Postai csomag', 'Átutalás', 182361, 182361, 'DEFAULT', '2020-08-30 07:56:56'),
(78, 64, 'Emili Emili', 'Hung Budapest 3421', 'Hung Budapest 3421', 'Postai csomag', 'Átutalás', 182361, 182361, 'DEFAULT', '2020-08-30 07:57:25'),
(79, 64, 'Emili Emili', 'Hung Budapest 3421', 'Hung Budapest 3421', 'Postai csomag', 'Átutalás', 182361, 182361, 'DEFAULT', '2020-08-30 07:58:13'),
(80, 64, 'Emili Emili', 'Hung Budapest 3421', 'Hung Budapest 3421', 'Postai csomag', 'Átutalás', 182361, 182361, 'DEFAULT', '2020-08-30 08:00:00'),
(81, 64, 'Emili Emili', 'Hung Budapest 3421', 'Hung Budapest 3421', 'Postai csomag', 'Átutalás', 182361, 182361, 'DEFAULT', '2020-08-30 08:00:52'),
(82, 64, 'Emili Emili', 'Hung Budapest 3421', 'Hung Budapest 3421', 'Postai csomag', 'Átutalás', 182361, 182361, 'DEFAULT', '2020-08-30 08:02:50'),
(83, 64, 'Emili Emili', 'Hung Budapest 3421', 'Hung Budapest 3421', 'Postai csomag', 'Átutalás', 182361, 182361, 'DEFAULT', '2020-08-30 08:05:36'),
(84, 64, 'Emili Emili', 'Hung Budapest 3421', 'Hung Budapest 3421', 'Postai csomag', 'Átutalás', 182361, 162301, 'BEYOUNG', '2020-08-30 08:05:43'),
(85, 64, 'Emili Emili', 'Hung Budapest 3421', 'Hung Budapest 3421', 'Postai csomag', 'Átutalás', 182361, 182361, 'DEFAULT', '2020-08-30 08:05:53'),
(86, 64, 'Emili Emili', 'Hung Budapest 3421', 'Hung Budapest 3421', 'Postai csomag', 'Átutalás', 182361, 182361, 'DEFAULT', '2020-08-30 08:06:02'),
(87, 64, 'Emili Emili', 'Hung Budapest 3421', 'Hung Budapest 3421', 'Postai csomag', 'Átutalás', 182361, 162301, 'BEYOUNG', '2020-08-30 08:06:10'),
(88, 64, 'Emili Emili', 'Kashyykl Vookie Land', 'Sajtos párizsi', 'Postai csomag', 'Átutalás', 182361, 162301, 'BEYOUNG', '2020-08-30 08:07:32'),
(89, 64, 'Emili Emili', 'Hung Budapest 3421', 'Hung Budapest 3421', 'Postai csomag', 'Átutalás', 184270, 184270, 'DEFAULT', '2020-08-30 08:09:28'),
(90, 64, 'Emili Emili', 'Hung Budapest 3421', 'Hung Budapest 3421', 'Postai csomag', 'Átutalás', 0, 0, 'DEFAULT', '2020-08-30 08:10:51'),
(91, 64, 'Emili Emili', 'Hung Budapest 3421', 'Hung Budapest 3421', 'Postai csomag', 'Átutalás', 6381, 6381, 'DEFAULT', '2020-08-30 08:19:16');

-- --------------------------------------------------------

--
-- Table structure for table `orderitem`
--

CREATE TABLE `orderitem` (
  `ProductOrderID` int(10) NOT NULL,
  `OrderID` int(5) NOT NULL,
  `Quantity` int(3) NOT NULL,
  `Price` int(10) NOT NULL,
  `ProductID` int(2) NOT NULL,
  `PurchasedTime` datetime NOT NULL DEFAULT current_timestamp()
) ENGINE=InnoDB DEFAULT CHARSET=utf8 COLLATE=utf8_hungarian_ci;

--
-- Dumping data for table `orderitem`
--

INSERT INTO `orderitem` (`ProductOrderID`, `OrderID`, `Quantity`, `Price`, `ProductID`, `PurchasedTime`) VALUES
(100001, 1, 4, 3393, 2, '2020-08-29 22:38:31'),
(100002, 1, 3, 1909, 4, '2020-08-29 22:38:31'),
(100003, 1, 1, 5255, 10, '2020-08-29 22:38:31'),
(100004, 1, 3, 2236, 3, '2020-08-29 22:38:31'),
(200001, 2, 4, 3393, 2, '2020-08-29 22:38:31'),
(200002, 2, 3, 1909, 4, '2020-08-29 22:38:31'),
(200003, 2, 1, 5255, 10, '2020-08-29 22:38:31'),
(200004, 2, 3, 2236, 3, '2020-08-29 22:38:31'),
(300001, 3, 4, 3393, 2, '2020-08-29 22:38:31'),
(300002, 3, 3, 1909, 4, '2020-08-29 22:38:31'),
(300003, 3, 1, 5255, 10, '2020-08-29 22:38:31'),
(300004, 3, 3, 2236, 3, '2020-08-29 22:38:31'),
(400001, 4, 4, 3393, 2, '2020-08-29 22:38:31'),
(400002, 4, 3, 1909, 4, '2020-08-29 22:38:31'),
(400003, 4, 1, 5255, 10, '2020-08-29 22:38:31'),
(400004, 4, 3, 2236, 3, '2020-08-29 22:38:31'),
(500001, 5, 4, 3393, 2, '2020-08-29 22:38:31'),
(500002, 5, 3, 1909, 4, '2020-08-29 22:38:31'),
(500003, 5, 1, 5255, 10, '2020-08-29 22:38:31'),
(500004, 5, 3, 2236, 3, '2020-08-29 22:38:31'),
(600001, 6, 4, 3393, 2, '2020-08-29 22:38:31'),
(600002, 6, 3, 1909, 4, '2020-08-29 22:38:31'),
(600003, 6, 1, 5255, 10, '2020-08-29 22:38:31'),
(600004, 6, 3, 2236, 3, '2020-08-29 22:38:31'),
(700001, 7, 4, 3393, 2, '2020-08-29 22:38:31'),
(700002, 7, 3, 1909, 4, '2020-08-29 22:38:31'),
(700003, 7, 1, 5255, 10, '2020-08-29 22:38:31'),
(700004, 7, 3, 2236, 3, '2020-08-29 22:38:31'),
(800001, 8, 4, 3393, 2, '2020-08-29 22:38:31'),
(800002, 8, 3, 1909, 4, '2020-08-29 22:38:31'),
(800003, 8, 1, 5255, 10, '2020-08-29 22:38:31'),
(800004, 8, 3, 2236, 3, '2020-08-29 22:38:31'),
(900001, 9, 4, 3393, 2, '2020-08-29 22:38:31'),
(900002, 9, 3, 1909, 4, '2020-08-29 22:38:31'),
(900003, 9, 1, 5255, 10, '2020-08-29 22:38:31'),
(900004, 9, 3, 2236, 3, '2020-08-29 22:38:31'),
(1000001, 10, 4, 3393, 2, '2020-08-29 22:38:31'),
(1000002, 10, 3, 1909, 4, '2020-08-29 22:38:31'),
(1000003, 10, 1, 5255, 10, '2020-08-29 22:38:31'),
(1000004, 10, 3, 2236, 3, '2020-08-29 22:38:31'),
(1100001, 11, 4, 3393, 2, '2020-08-29 22:38:31'),
(1100002, 11, 3, 1909, 4, '2020-08-29 22:38:31'),
(1100003, 11, 1, 5255, 10, '2020-08-29 22:38:31'),
(1100004, 11, 3, 2236, 3, '2020-08-29 22:38:31'),
(1200001, 12, 4, 3393, 2, '2020-08-29 22:38:31'),
(1200002, 12, 3, 1909, 4, '2020-08-29 22:38:31'),
(1200003, 12, 1, 5255, 10, '2020-08-29 22:38:31'),
(1200004, 12, 3, 2236, 3, '2020-08-29 22:38:31'),
(1300001, 13, 4, 3393, 2, '2020-08-29 22:38:31'),
(1300002, 13, 3, 1909, 4, '2020-08-29 22:38:31'),
(1300003, 13, 1, 5255, 10, '2020-08-29 22:38:31'),
(1300004, 13, 3, 2236, 3, '2020-08-29 22:38:31'),
(1400001, 14, 4, 3393, 2, '2020-08-29 22:38:31'),
(1400002, 14, 3, 1909, 4, '2020-08-29 22:38:31'),
(1400003, 14, 1, 5255, 10, '2020-08-29 22:38:31'),
(1400004, 14, 3, 2236, 3, '2020-08-29 22:38:31'),
(1500001, 15, 4, 3393, 2, '2020-08-29 22:38:31'),
(1500002, 15, 3, 1909, 4, '2020-08-29 22:38:31'),
(1500003, 15, 1, 5255, 10, '2020-08-29 22:38:31'),
(1500004, 15, 3, 2236, 3, '2020-08-29 22:38:31'),
(1600001, 16, 4, 3393, 2, '2020-08-29 22:38:31'),
(1600002, 16, 3, 1909, 4, '2020-08-29 22:38:31'),
(1600003, 16, 1, 5255, 10, '2020-08-29 22:38:31'),
(1600004, 16, 3, 2236, 3, '2020-08-29 22:38:31'),
(1700001, 17, 4, 3393, 2, '2020-08-29 22:38:31'),
(1700002, 17, 3, 1909, 4, '2020-08-29 22:38:31'),
(1700003, 17, 1, 5255, 10, '2020-08-29 22:38:31'),
(1700004, 17, 3, 2236, 3, '2020-08-29 22:38:31'),
(1800001, 18, 4, 3393, 2, '2020-08-29 22:38:31'),
(1800002, 18, 3, 1909, 4, '2020-08-29 22:38:31'),
(1800003, 18, 1, 5255, 10, '2020-08-29 22:38:31'),
(1800004, 18, 3, 2236, 3, '2020-08-29 22:38:31'),
(1900001, 19, 4, 3393, 2, '2020-08-29 22:38:31'),
(1900002, 19, 3, 1909, 4, '2020-08-29 22:38:31'),
(1900003, 19, 1, 5255, 10, '2020-08-29 22:38:31'),
(1900004, 19, 3, 2236, 3, '2020-08-29 22:38:31'),
(2000001, 20, 4, 3393, 2, '2020-08-29 22:38:31'),
(2000002, 20, 3, 1909, 4, '2020-08-29 22:38:31'),
(2000003, 20, 1, 5255, 10, '2020-08-29 22:38:31'),
(2000004, 20, 3, 2236, 3, '2020-08-29 22:38:31'),
(2100001, 21, 4, 3393, 2, '2020-08-29 22:38:31'),
(2100002, 21, 3, 1909, 4, '2020-08-29 22:38:31'),
(2100003, 21, 1, 5255, 10, '2020-08-29 22:38:31'),
(2100004, 21, 3, 2236, 3, '2020-08-29 22:38:31'),
(2200001, 22, 4, 3393, 2, '2020-08-29 22:38:31'),
(2200002, 22, 3, 1909, 4, '2020-08-29 22:38:31'),
(2200003, 22, 1, 5255, 10, '2020-08-29 22:38:31'),
(2200004, 22, 3, 2236, 3, '2020-08-29 22:38:31'),
(2300001, 23, 4, 3393, 2, '2020-08-29 22:38:31'),
(2300002, 23, 3, 1909, 4, '2020-08-29 22:38:31'),
(2300003, 23, 1, 5255, 10, '2020-08-29 22:38:31'),
(2300004, 23, 3, 2236, 3, '2020-08-29 22:38:31'),
(2400001, 24, 4, 3393, 2, '2020-08-29 22:38:31'),
(2400002, 24, 3, 1909, 4, '2020-08-29 22:38:31'),
(2400003, 24, 1, 5255, 10, '2020-08-29 22:38:31'),
(2400004, 24, 3, 2236, 3, '2020-08-29 22:38:31'),
(2500001, 25, 4, 3393, 2, '2020-08-29 22:38:31'),
(2500002, 25, 3, 1909, 4, '2020-08-29 22:38:31'),
(2500003, 25, 1, 5255, 10, '2020-08-29 22:38:31'),
(2500004, 25, 3, 2236, 3, '2020-08-29 22:38:31'),
(2600001, 26, 4, 3393, 2, '2020-08-29 22:38:31'),
(2600002, 26, 3, 1909, 4, '2020-08-29 22:38:31'),
(2600003, 26, 1, 5255, 10, '2020-08-29 22:38:31'),
(2600004, 26, 3, 2236, 3, '2020-08-29 22:38:31'),
(2700001, 27, 4, 3393, 2, '2020-08-29 22:38:31'),
(2700002, 27, 3, 1909, 4, '2020-08-29 22:38:31'),
(2700003, 27, 1, 5255, 10, '2020-08-29 22:38:31'),
(2700004, 27, 3, 2236, 3, '2020-08-29 22:38:31'),
(2800001, 28, 4, 3393, 2, '2020-08-29 22:38:31'),
(2800002, 28, 3, 1909, 4, '2020-08-29 22:38:31'),
(2800003, 28, 1, 5255, 10, '2020-08-29 22:38:31'),
(2800004, 28, 3, 2236, 3, '2020-08-29 22:38:31'),
(2900001, 29, 4, 3393, 2, '2020-08-29 22:38:31'),
(2900002, 29, 3, 1909, 4, '2020-08-29 22:38:31'),
(2900003, 29, 1, 5255, 10, '2020-08-29 22:38:31'),
(2900004, 29, 3, 2236, 3, '2020-08-29 22:38:31'),
(3000001, 30, 4, 3393, 2, '2020-08-29 22:38:31'),
(3000002, 30, 3, 1909, 4, '2020-08-29 22:38:31'),
(3000003, 30, 1, 5255, 10, '2020-08-29 22:38:31'),
(3000004, 30, 3, 2236, 3, '2020-08-29 22:38:31'),
(3100001, 31, 4, 3393, 2, '2020-08-29 22:38:31'),
(3100002, 31, 3, 1909, 4, '2020-08-29 22:38:31'),
(3100003, 31, 1, 5255, 10, '2020-08-29 22:38:31'),
(3100004, 31, 3, 2236, 3, '2020-08-29 22:38:31'),
(3200001, 32, 4, 3393, 2, '2020-08-29 22:38:31'),
(3200002, 32, 3, 1909, 4, '2020-08-29 22:38:31'),
(3200003, 32, 1, 5255, 10, '2020-08-29 22:38:31'),
(3200004, 32, 3, 2236, 3, '2020-08-29 22:38:31'),
(3300001, 33, 4, 3393, 2, '2020-08-29 22:38:31'),
(3300002, 33, 3, 1909, 4, '2020-08-29 22:38:31'),
(3300003, 33, 1, 5255, 10, '2020-08-29 22:38:31'),
(3300004, 33, 3, 2236, 3, '2020-08-29 22:38:31'),
(3400001, 34, 4, 3393, 2, '2020-08-29 22:38:31'),
(3400002, 34, 3, 1909, 4, '2020-08-29 22:38:31'),
(3400003, 34, 1, 5255, 10, '2020-08-29 22:38:31'),
(3400004, 34, 3, 2236, 3, '2020-08-29 22:38:31'),
(3500001, 35, 4, 3393, 2, '2020-08-29 22:38:31'),
(3500002, 35, 3, 1909, 4, '2020-08-29 22:38:31'),
(3500003, 35, 1, 5255, 10, '2020-08-29 22:38:31'),
(3500004, 35, 3, 2236, 3, '2020-08-29 22:38:31'),
(3600001, 36, 4, 3393, 2, '2020-08-29 22:38:31'),
(3600002, 36, 3, 1909, 4, '2020-08-29 22:38:31'),
(3600003, 36, 1, 5255, 10, '2020-08-29 22:38:31'),
(3600004, 36, 3, 2236, 3, '2020-08-29 22:38:31'),
(3700001, 37, 4, 3393, 2, '2020-08-29 22:38:31'),
(3700002, 37, 3, 1909, 4, '2020-08-29 22:38:31'),
(3700003, 37, 1, 5255, 10, '2020-08-29 22:38:31'),
(3700004, 37, 3, 2236, 3, '2020-08-29 22:38:31'),
(3800001, 38, 4, 3393, 2, '2020-08-29 22:38:31'),
(3800002, 38, 3, 1909, 4, '2020-08-29 22:38:31'),
(3800003, 38, 1, 5255, 10, '2020-08-29 22:38:31'),
(3800004, 38, 3, 2236, 3, '2020-08-29 22:38:31'),
(3900001, 39, 4, 3393, 2, '2020-08-29 22:38:31'),
(3900002, 39, 3, 1909, 4, '2020-08-29 22:38:31'),
(3900003, 39, 1, 5255, 10, '2020-08-29 22:38:31'),
(3900004, 39, 3, 2236, 3, '2020-08-29 22:38:31'),
(4000001, 40, 4, 3393, 2, '2020-08-29 22:38:31'),
(4000002, 40, 3, 1909, 4, '2020-08-29 22:38:31'),
(4000003, 40, 1, 5255, 10, '2020-08-29 22:38:31'),
(4000004, 40, 3, 2236, 3, '2020-08-29 22:38:31'),
(4100001, 41, 4, 3393, 2, '2020-08-29 22:39:22'),
(4100002, 41, 3, 1909, 4, '2020-08-29 22:39:22'),
(4100003, 41, 1, 5255, 10, '2020-08-29 22:39:22'),
(4100004, 41, 3, 2236, 3, '2020-08-29 22:39:22'),
(4200001, 42, 4, 3393, 2, '2020-08-29 22:45:43'),
(4200002, 42, 3, 1909, 4, '2020-08-29 22:45:43'),
(4200003, 42, 1, 5255, 10, '2020-08-29 22:45:43'),
(4200004, 42, 3, 2236, 3, '2020-08-29 22:45:43'),
(4300001, 43, 4, 3393, 2, '2020-08-29 22:48:26'),
(4300002, 43, 3, 1909, 4, '2020-08-29 22:48:26'),
(4300003, 43, 1, 5255, 10, '2020-08-29 22:48:26'),
(4300004, 43, 3, 2236, 3, '2020-08-29 22:48:26'),
(4400001, 44, 3, 7026, 7, '2020-08-30 07:02:21'),
(4400002, 44, 2, 5255, 10, '2020-08-30 07:02:21'),
(4400003, 44, 1, 7683, 13, '2020-08-30 07:02:21'),
(4400004, 44, 2, 70427, 9, '2020-08-30 07:02:22'),
(4500001, 45, 3, 7026, 7, '2020-08-30 07:05:36'),
(4500002, 45, 2, 5255, 10, '2020-08-30 07:05:36'),
(4500003, 45, 1, 7683, 13, '2020-08-30 07:05:36'),
(4500004, 45, 2, 70427, 9, '2020-08-30 07:05:36'),
(4600001, 46, 3, 7026, 7, '2020-08-30 07:06:14'),
(4600002, 46, 2, 5255, 10, '2020-08-30 07:06:14'),
(4600003, 46, 1, 7683, 13, '2020-08-30 07:06:14'),
(4600004, 46, 2, 70427, 9, '2020-08-30 07:06:14'),
(4700001, 47, 3, 7026, 7, '2020-08-30 07:06:20'),
(4700002, 47, 2, 5255, 10, '2020-08-30 07:06:20'),
(4700003, 47, 1, 7683, 13, '2020-08-30 07:06:20'),
(4700004, 47, 2, 70427, 9, '2020-08-30 07:06:20'),
(4800001, 48, 3, 7026, 7, '2020-08-30 07:06:44'),
(4800002, 48, 2, 5255, 10, '2020-08-30 07:06:44'),
(4800003, 48, 1, 7683, 13, '2020-08-30 07:06:44'),
(4800004, 48, 2, 70427, 9, '2020-08-30 07:06:44'),
(4900001, 49, 3, 7026, 7, '2020-08-30 07:07:11'),
(4900002, 49, 2, 5255, 10, '2020-08-30 07:07:11'),
(4900003, 49, 1, 7683, 13, '2020-08-30 07:07:11'),
(4900004, 49, 2, 70427, 9, '2020-08-30 07:07:11'),
(5000001, 50, 3, 7026, 7, '2020-08-30 07:07:24'),
(5000002, 50, 2, 5255, 10, '2020-08-30 07:07:24'),
(5000003, 50, 1, 7683, 13, '2020-08-30 07:07:24'),
(5000004, 50, 2, 70427, 9, '2020-08-30 07:07:25'),
(5100001, 51, 3, 7026, 7, '2020-08-30 07:11:44'),
(5100002, 51, 2, 5255, 10, '2020-08-30 07:11:44'),
(5100003, 51, 1, 7683, 13, '2020-08-30 07:11:44'),
(5100004, 51, 2, 70427, 9, '2020-08-30 07:11:44'),
(5200001, 52, 3, 7026, 7, '2020-08-30 07:11:52'),
(5200002, 52, 2, 5255, 10, '2020-08-30 07:11:52'),
(5200003, 52, 1, 7683, 13, '2020-08-30 07:11:52'),
(5200004, 52, 2, 70427, 9, '2020-08-30 07:11:52'),
(5300001, 53, 3, 7026, 7, '2020-08-30 07:12:02'),
(5300002, 53, 2, 5255, 10, '2020-08-30 07:12:02'),
(5300003, 53, 1, 7683, 13, '2020-08-30 07:12:02'),
(5300004, 53, 2, 70427, 9, '2020-08-30 07:12:02'),
(5400001, 54, 3, 7026, 7, '2020-08-30 07:15:11'),
(5400002, 54, 2, 5255, 10, '2020-08-30 07:15:11'),
(5400003, 54, 1, 7683, 13, '2020-08-30 07:15:11'),
(5400004, 54, 2, 70427, 9, '2020-08-30 07:15:11'),
(5500001, 55, 3, 7026, 7, '2020-08-30 07:16:41'),
(5500002, 55, 2, 5255, 10, '2020-08-30 07:16:41'),
(5500003, 55, 1, 7683, 13, '2020-08-30 07:16:41'),
(5500004, 55, 2, 70427, 9, '2020-08-30 07:16:41'),
(5600001, 56, 3, 7026, 7, '2020-08-30 07:17:30'),
(5600002, 56, 2, 5255, 10, '2020-08-30 07:17:30'),
(5600003, 56, 1, 7683, 13, '2020-08-30 07:17:30'),
(5600004, 56, 2, 70427, 9, '2020-08-30 07:17:30'),
(5700001, 57, 3, 7026, 7, '2020-08-30 07:17:42'),
(5700002, 57, 2, 5255, 10, '2020-08-30 07:17:42'),
(5700003, 57, 1, 7683, 13, '2020-08-30 07:17:42'),
(5700004, 57, 2, 70427, 9, '2020-08-30 07:17:42'),
(5800001, 58, 3, 7026, 7, '2020-08-30 07:17:56'),
(5800002, 58, 2, 5255, 10, '2020-08-30 07:17:56'),
(5800003, 58, 1, 7683, 13, '2020-08-30 07:17:56'),
(5800004, 58, 2, 70427, 9, '2020-08-30 07:17:56'),
(5900001, 59, 3, 7026, 7, '2020-08-30 07:29:20'),
(5900002, 59, 2, 5255, 10, '2020-08-30 07:29:20'),
(5900003, 59, 1, 7683, 13, '2020-08-30 07:29:20'),
(5900004, 59, 2, 70427, 9, '2020-08-30 07:29:20'),
(6000001, 60, 3, 7026, 7, '2020-08-30 07:29:31'),
(6000002, 60, 2, 5255, 10, '2020-08-30 07:29:31'),
(6000003, 60, 1, 7683, 13, '2020-08-30 07:29:31'),
(6000004, 60, 2, 70427, 9, '2020-08-30 07:29:31'),
(6100001, 61, 3, 7026, 7, '2020-08-30 07:30:34'),
(6100002, 61, 2, 5255, 10, '2020-08-30 07:30:34'),
(6100003, 61, 1, 7683, 13, '2020-08-30 07:30:34'),
(6100004, 61, 2, 70427, 9, '2020-08-30 07:30:34'),
(6200001, 62, 3, 7026, 7, '2020-08-30 07:32:58'),
(6200002, 62, 2, 5255, 10, '2020-08-30 07:32:58'),
(6200003, 62, 1, 7683, 13, '2020-08-30 07:32:58'),
(6200004, 62, 2, 70427, 9, '2020-08-30 07:32:58'),
(6300001, 63, 3, 7026, 7, '2020-08-30 07:33:23'),
(6300002, 63, 2, 5255, 10, '2020-08-30 07:33:23'),
(6300003, 63, 1, 7683, 13, '2020-08-30 07:33:23'),
(6300004, 63, 2, 70427, 9, '2020-08-30 07:33:23'),
(6400001, 64, 3, 7026, 7, '2020-08-30 07:33:40'),
(6400002, 64, 2, 5255, 10, '2020-08-30 07:33:40'),
(6400003, 64, 1, 7683, 13, '2020-08-30 07:33:40'),
(6400004, 64, 2, 70427, 9, '2020-08-30 07:33:40'),
(6500001, 65, 3, 7026, 7, '2020-08-30 07:34:15'),
(6500002, 65, 2, 5255, 10, '2020-08-30 07:34:15'),
(6500003, 65, 1, 7683, 13, '2020-08-30 07:34:15'),
(6500004, 65, 2, 70427, 9, '2020-08-30 07:34:15'),
(6600001, 66, 3, 7026, 7, '2020-08-30 07:34:50'),
(6600002, 66, 2, 5255, 10, '2020-08-30 07:34:50'),
(6600003, 66, 1, 7683, 13, '2020-08-30 07:34:50'),
(6600004, 66, 2, 70427, 9, '2020-08-30 07:34:50'),
(6700001, 67, 3, 7026, 7, '2020-08-30 07:37:25'),
(6700002, 67, 2, 5255, 10, '2020-08-30 07:37:25'),
(6700003, 67, 1, 7683, 13, '2020-08-30 07:37:25'),
(6700004, 67, 2, 70427, 9, '2020-08-30 07:37:25'),
(6800001, 68, 3, 7026, 7, '2020-08-30 07:37:31'),
(6800002, 68, 2, 5255, 10, '2020-08-30 07:37:31'),
(6800003, 68, 1, 7683, 13, '2020-08-30 07:37:31'),
(6800004, 68, 2, 70427, 9, '2020-08-30 07:37:31'),
(6900001, 69, 3, 7026, 7, '2020-08-30 07:38:00'),
(6900002, 69, 2, 5255, 10, '2020-08-30 07:38:00'),
(6900003, 69, 1, 7683, 13, '2020-08-30 07:38:00'),
(6900004, 69, 2, 70427, 9, '2020-08-30 07:38:00'),
(7000001, 70, 3, 7026, 7, '2020-08-30 07:38:30'),
(7000002, 70, 2, 5255, 10, '2020-08-30 07:38:30'),
(7000003, 70, 1, 7683, 13, '2020-08-30 07:38:30'),
(7000004, 70, 2, 70427, 9, '2020-08-30 07:38:30'),
(7100001, 71, 3, 7026, 7, '2020-08-30 07:41:37'),
(7100002, 71, 2, 5255, 10, '2020-08-30 07:41:37'),
(7100003, 71, 1, 7683, 13, '2020-08-30 07:41:37'),
(7100004, 71, 2, 70427, 9, '2020-08-30 07:41:37'),
(7200001, 72, 3, 7026, 7, '2020-08-30 07:42:58'),
(7200002, 72, 2, 5255, 10, '2020-08-30 07:42:58'),
(7200003, 72, 1, 7683, 13, '2020-08-30 07:42:58'),
(7200004, 72, 2, 70427, 9, '2020-08-30 07:42:58'),
(7300001, 73, 3, 7026, 7, '2020-08-30 07:43:13'),
(7300002, 73, 2, 5255, 10, '2020-08-30 07:43:13'),
(7300003, 73, 1, 7683, 13, '2020-08-30 07:43:13'),
(7300004, 73, 2, 70427, 9, '2020-08-30 07:43:13'),
(7400001, 74, 3, 7026, 7, '2020-08-30 07:43:27'),
(7400002, 74, 2, 5255, 10, '2020-08-30 07:43:27'),
(7400003, 74, 1, 7683, 13, '2020-08-30 07:43:27'),
(7400004, 74, 2, 70427, 9, '2020-08-30 07:43:27'),
(7500001, 75, 3, 7026, 7, '2020-08-30 07:43:48'),
(7500002, 75, 2, 5255, 10, '2020-08-30 07:43:48'),
(7500003, 75, 1, 7683, 13, '2020-08-30 07:43:48'),
(7500004, 75, 2, 70427, 9, '2020-08-30 07:43:48'),
(7600001, 76, 3, 7026, 7, '2020-08-30 07:44:03'),
(7600002, 76, 2, 5255, 10, '2020-08-30 07:44:03'),
(7600003, 76, 1, 7683, 13, '2020-08-30 07:44:03'),
(7600004, 76, 2, 70427, 9, '2020-08-30 07:44:03'),
(7700001, 77, 3, 7026, 7, '2020-08-30 07:56:56'),
(7700002, 77, 2, 5255, 10, '2020-08-30 07:56:56'),
(7700003, 77, 1, 7683, 13, '2020-08-30 07:56:56'),
(7700004, 77, 2, 70427, 9, '2020-08-30 07:56:56'),
(7700005, 77, 1, 2236, 3, '2020-08-30 07:56:56'),
(7800001, 78, 3, 7026, 7, '2020-08-30 07:57:25'),
(7800002, 78, 2, 5255, 10, '2020-08-30 07:57:25'),
(7800003, 78, 1, 7683, 13, '2020-08-30 07:57:25'),
(7800004, 78, 2, 70427, 9, '2020-08-30 07:57:25'),
(7800005, 78, 1, 2236, 3, '2020-08-30 07:57:25'),
(7900001, 79, 3, 7026, 7, '2020-08-30 07:58:13'),
(7900002, 79, 2, 5255, 10, '2020-08-30 07:58:13'),
(7900003, 79, 1, 7683, 13, '2020-08-30 07:58:13'),
(7900004, 79, 2, 70427, 9, '2020-08-30 07:58:13'),
(7900005, 79, 1, 2236, 3, '2020-08-30 07:58:13'),
(8000001, 80, 3, 7026, 7, '2020-08-30 08:00:00'),
(8000002, 80, 2, 5255, 10, '2020-08-30 08:00:00'),
(8000003, 80, 1, 7683, 13, '2020-08-30 08:00:00'),
(8000004, 80, 2, 70427, 9, '2020-08-30 08:00:00'),
(8000005, 80, 1, 2236, 3, '2020-08-30 08:00:00'),
(8100001, 81, 3, 7026, 7, '2020-08-30 08:00:52'),
(8100002, 81, 2, 5255, 10, '2020-08-30 08:00:52'),
(8100003, 81, 1, 7683, 13, '2020-08-30 08:00:52'),
(8100004, 81, 2, 70427, 9, '2020-08-30 08:00:52'),
(8100005, 81, 1, 2236, 3, '2020-08-30 08:00:52'),
(8200001, 82, 3, 7026, 7, '2020-08-30 08:02:50'),
(8200002, 82, 2, 5255, 10, '2020-08-30 08:02:50'),
(8200003, 82, 1, 7683, 13, '2020-08-30 08:02:50'),
(8200004, 82, 2, 70427, 9, '2020-08-30 08:02:50'),
(8200005, 82, 1, 2236, 3, '2020-08-30 08:02:50'),
(8300001, 83, 3, 7026, 7, '2020-08-30 08:05:36'),
(8300002, 83, 2, 5255, 10, '2020-08-30 08:05:36'),
(8300003, 83, 1, 7683, 13, '2020-08-30 08:05:36'),
(8300004, 83, 2, 70427, 9, '2020-08-30 08:05:36'),
(8300005, 83, 1, 2236, 3, '2020-08-30 08:05:36'),
(8400001, 84, 3, 7026, 7, '2020-08-30 08:05:43'),
(8400002, 84, 2, 5255, 10, '2020-08-30 08:05:43'),
(8400003, 84, 1, 7683, 13, '2020-08-30 08:05:43'),
(8400004, 84, 2, 70427, 9, '2020-08-30 08:05:43'),
(8400005, 84, 1, 2236, 3, '2020-08-30 08:05:43'),
(8500001, 85, 3, 7026, 7, '2020-08-30 08:05:53'),
(8500002, 85, 2, 5255, 10, '2020-08-30 08:05:53'),
(8500003, 85, 1, 7683, 13, '2020-08-30 08:05:53'),
(8500004, 85, 2, 70427, 9, '2020-08-30 08:05:53'),
(8500005, 85, 1, 2236, 3, '2020-08-30 08:05:53'),
(8600001, 86, 3, 7026, 7, '2020-08-30 08:06:02'),
(8600002, 86, 2, 5255, 10, '2020-08-30 08:06:02'),
(8600003, 86, 1, 7683, 13, '2020-08-30 08:06:02'),
(8600004, 86, 2, 70427, 9, '2020-08-30 08:06:02'),
(8600005, 86, 1, 2236, 3, '2020-08-30 08:06:02'),
(8700001, 87, 3, 7026, 7, '2020-08-30 08:06:10'),
(8700002, 87, 2, 5255, 10, '2020-08-30 08:06:10'),
(8700003, 87, 1, 7683, 13, '2020-08-30 08:06:10'),
(8700004, 87, 2, 70427, 9, '2020-08-30 08:06:10'),
(8700005, 87, 1, 2236, 3, '2020-08-30 08:06:10'),
(8800001, 88, 3, 7026, 7, '2020-08-30 08:07:32'),
(8800002, 88, 2, 5255, 10, '2020-08-30 08:07:32'),
(8800003, 88, 1, 7683, 13, '2020-08-30 08:07:32'),
(8800004, 88, 2, 70427, 9, '2020-08-30 08:07:32'),
(8800005, 88, 1, 2236, 3, '2020-08-30 08:07:32'),
(8900001, 89, 3, 7026, 7, '2020-08-30 08:09:28'),
(8900002, 89, 2, 5255, 10, '2020-08-30 08:09:28'),
(8900003, 89, 1, 7683, 13, '2020-08-30 08:09:28'),
(8900004, 89, 2, 70427, 9, '2020-08-30 08:09:28'),
(8900005, 89, 1, 2236, 3, '2020-08-30 08:09:28'),
(8900006, 89, 1, 1909, 4, '2020-08-30 08:09:28'),
(9100001, 91, 2, 2236, 3, '2020-08-30 08:19:16'),
(9100002, 91, 1, 1909, 4, '2020-08-30 08:19:16');

-- --------------------------------------------------------

--
-- Table structure for table `products`
--

CREATE TABLE `products` (
  `ProductID` int(2) NOT NULL,
  `ProductName` varchar(100) COLLATE utf8_hungarian_ci NOT NULL,
  `ProductType` varchar(20) COLLATE utf8_hungarian_ci NOT NULL,
  `ProductCategory` varchar(20) COLLATE utf8_hungarian_ci NOT NULL,
  `ProductDescription` varchar(255) COLLATE utf8_hungarian_ci NOT NULL,
  `Photo` varchar(255) COLLATE utf8_hungarian_ci NOT NULL,
  `LastModified` datetime NOT NULL DEFAULT current_timestamp(),
  `Price` int(20) NOT NULL
) ENGINE=InnoDB DEFAULT CHARSET=utf8 COLLATE=utf8_hungarian_ci;

--
-- Dumping data for table `products`
--

INSERT INTO `products` (`ProductID`, `ProductName`, `ProductType`, `ProductCategory`, `ProductDescription`, `Photo`, `LastModified`, `Price`) VALUES
(1, 'AP-24 Whitening Fluoride Toothpaste', 'Fogkrém', 'Szájápolás', '<h4>Fehérítő fluoridos fogkrém</h4>\r\n\r\n<br>\r\n<p>E remek ízű fehérítő fluoridos fogkrémnek köszönhetően mostantól magabiztosan mosolyoghat: e termék világosítja, fehéríti fogait, miközben megküzd a fogkőképződéssel.\r\n</p>', '1.png', '2020-08-15 08:55:32', 2580),
(2, 'AP-24 Anti-Plaque Toothpaste (Fluoridos fogkrém)', 'Fogkrém', 'Szájápolás', '<p>A tiszta fogakért használja ezt a fogszuvasodás elleni készítményt, amely fogmosás közben segít eltávolítani a foglepedéket és az ételmaradékokat.</p>', '2.png', '2020-08-15 08:56:45', 3393),
(3, 'AP 24 Anti-Plaque Breath Spray (Fogkő elleni szájspray)', 'Szájspray', 'Szájápolás', '<p>Nincs is ennél jobb fogkő-harcos, mikor úton van! A készítmény nem csupán a szájszagot kendőzi el, egyben védi a fogakat és az ínyt.</p>', '3.png', '2020-08-15 09:15:19', 2236),
(4, 'AP-24 Fogkefe (3-as kiszerelés)', 'Fogkefe', 'Szájápolás', '<p>Egy egyedülálló, fogkő elleni fogkefe, amely az AP-24 szájhigiénia családjába tartozik, ami a tökéletes szájápolás elősegítésére lett kifejlesztve, beleértve a foglepedék felhalmozódásának megszüntetését és megelőzését. Az új AP-24 fogkő elleni fogkefe', '4.png', '2020-08-15 09:17:51', 1909),
(5, 'ageLOC® Gentle Cleanse & Tone', 'Tonik', 'Arcápolás', '<p>Mutassa meg felfrissült, tiszta bőrét reggel és este!\r\nAz ageLOC® Gentle Cleanse & Tone (Tisztító és tonik) luxus minőségű habzó arctisztító, amely egyetlen lépésbe fogja a tisztítás és tonizálás folyamatát. Gyengéden tisztítja, feltölti és hidratálja ', '5.png', '2020-08-15 09:28:38', 16439),
(6, 'Nu Skin 180°® Face Wash (Arclemosó)', 'Arclemosó', 'Arcápolás', '<p>A Nu Skin 180°® arclemosó tíz százalékos aktív, hatékony C-vitamin tartalmával a kapható legkiválóbb öregedésgátló arctisztítók közé tartozik</p>', '6.png', '2020-08-15 09:43:17', 16826),
(7, 'pH Balance Toner normál - száraz bőrre', 'Tonik', 'Arcápolás', '<p>Ideális formula normál - száraz bőrre.\r\n\r\nTudjuk, milyen fontos kialakítani a munka és a szabadidő közti egyensúlyt. Ennek az egyensúlynak a fenntartása bőrünk számára ugyanolyan fontos, legfőképpen tisztítás után. Ebben nyújt segítséget a Nutricential', '7.png', '2020-08-15 09:44:42', 7026),
(8, 'Exfoliant Scrub (mélytisztító bőrradír) - extra gyengéd', 'Bőrradír', 'Arcápolás', '<p>Egy hosszú nap végén néha csak egy alapos radírozás segíthet rajtunk, ami után jólesően hátradőlhetünk, és szusszanhatunk egyet. Nálunk pedig megtalálja hozzá a kellően gyengéd eszközt. Ez a gyengéd arcradír természetes tengeri kovamoszatot tartalmaz, ', '8.png', '2020-08-15 09:47:17', 7549),
(9, 'ageLOC Tru Face Essence Ultra', 'Feszesítő', 'Arcápolás', '<p>A feszes bőr titka. Az ageLOC Tru Face Essence Ultra a Nu Skin feszesítő specialistája. Lenyűgöző formulája exkluzív, tudományosan alátámasztott Tru Face FirmPlex technológiánkkal láthatón feszesebbé teszi a bőrt, míg a méltán híres ageLOC tudományunk ', '9.png', '2020-08-15 09:52:46', 70427),
(10, 'Liquid Body Bar (hidratáló tusfürdő)', 'Tusfürdő', 'Testápolás', '<p>Legyen minden zuhanyzás örömteljes. A Nu Skin® Liquid Body Bar-ral új értelmet nyer a zuhanyzás. Ez a hidratáló tusfürdő felemelő bőrápolási élménnyé fogja varázsolni a mindennapos mosakodást. Miközben a mennyei krémes, szappanmentes készítmény hatékon', '10.png', '2020-08-15 09:56:58', 5255),
(11, 'Liquid Body Lufra', 'Bőrradír', 'Testápolás', '<p>Adja meg bőrének a sima, tündöklő ragyogást. A Liquid Body Lufra a test teljes bőrfelületét felélénkíti, gyengéd bőrradírozó hatásával pedig eltávolítja a bőrfelszínen összegyűlt szennyeződéseket, így a bőr ragyogóvá válik. A finomra őrölt dióhéj ledör', '11.png', '2020-08-15 10:00:03', 5676),
(12, 'Sunright 50', 'Napolaj', 'Testápolás', '<p>Itt az idő, hogy magasabb elvárásokat támasszon a fényvédő termékekkel szemben! Ha túl hosszú ideig tartózkodik a napon, később nemkívánatos következményekkel, köztük az öregedés látható jeleinek idő előtti felbukkanásával szembesülhet, így bőrén ránco', '12.png', '2020-08-15 10:03:27', 7683),
(13, 'Sunright 35', 'Napolaj', 'Testápolás', '<p>Itt az idő, hogy magasabb elvárásokat támasszon a fényvédő termékekkel szemben! Ha túl hosszú ideig tartózkodik a napon, később nemkívánatos következményekkel, köztük az öregedés látható jeleinek idő előtti felbukkanásával szembesülhet, így bőrén ránco', '13.png', '2020-08-15 10:04:25', 7683),
(14, 'Epoch IceDancer (Lábápoló zselé)', 'Lábápoló', 'Testápolás', '<p>Felfrissíti, élénkíti lábait. Mindegy, hogy dolgozik vagy játszik, az állva töltött idõ kifárasztja a lábakat. Ez a könnyen felszívódó gél nem ragad, és azonnal hűti, illetve nyugtatja fáradt, sajgó lábait. A vadgesztenye, borsmenta olaj és vad menta k', '14.png', '2020-08-15 10:07:41', 9231);

-- --------------------------------------------------------

--
-- Table structure for table `productstocks`
--

CREATE TABLE `productstocks` (
  `ProductID` int(2) NOT NULL,
  `Stock` int(3) NOT NULL
) ENGINE=InnoDB DEFAULT CHARSET=utf8 COLLATE=utf8_hungarian_ci;

--
-- Dumping data for table `productstocks`
--

INSERT INTO `productstocks` (`ProductID`, `Stock`) VALUES
(1, 40),
(2, 40),
(3, 32),
(4, 30),
(5, 40),
(6, 321),
(7, 213),
(8, 231),
(9, 20),
(10, 21),
(11, 42),
(12, 4332),
(13, 213),
(14, 231);

-- --------------------------------------------------------

--
-- Table structure for table `user`
--

CREATE TABLE `user` (
  `UID` int(2) NOT NULL,
  `UserName` varchar(20) COLLATE utf8_hungarian_ci NOT NULL,
  `LastModified` datetime NOT NULL DEFAULT current_timestamp(),
  `TypeOfUser` varchar(10) COLLATE utf8_hungarian_ci NOT NULL,
  `Active` tinyint(1) NOT NULL,
  `Password` varchar(128) COLLATE utf8_hungarian_ci NOT NULL,
  `hash_salt` varchar(10) COLLATE utf8_hungarian_ci NOT NULL
) ENGINE=InnoDB DEFAULT CHARSET=utf8 COLLATE=utf8_hungarian_ci;

--
-- Dumping data for table `user`
--

INSERT INTO `user` (`UID`, `UserName`, `LastModified`, `TypeOfUser`, `Active`, `Password`, `hash_salt`) VALUES
(1, 'dagee', '2020-08-19 13:15:17', 'normal', 0, '', ''),
(2, 'Sanyi', '2020-08-19 13:27:17', 'Normal', 1, '', ''),
(3, 'garat', '2020-08-19 13:28:12', 'Normal', 1, '', ''),
(4, '', '2020-08-19 13:29:08', 'Normal', 1, '', ''),
(5, '325234', '2020-08-19 13:29:52', 'Normal', 1, '', ''),
(6, 'Hagymás ', '2020-08-19 13:34:06', 'Normal', 1, '', ''),
(7, 'davaika1 ', '2020-08-19 13:40:18', 'Normal', 1, '', ''),
(8, 'királxy ', '2020-08-19 13:41:59', 'Normal', 1, '', ''),
(9, 'asfg ', '2020-08-19 13:44:13', 'Normal', 1, '', ''),
(10, 'data ', '2020-08-19 13:46:00', 'Normal', 1, '', ''),
(11, '21343 ', '2020-08-19 13:52:03', 'Normal', 1, '', ''),
(12, 'das ', '2020-08-19 13:54:05', 'Normal', 1, '', ''),
(13, '3211212 ', '2020-08-19 13:57:16', 'Normal', 1, '', ''),
(14, 'da13 ', '2020-08-19 13:57:50', 'Normal', 1, '', ''),
(15, '1 ', '2020-08-19 14:01:39', 'Normal', 1, '', ''),
(16, 'baba16 ', '2020-08-19 14:02:45', 'Normal', 1, '', ''),
(17, 'Baba17 ', '2020-08-19 14:57:03', 'Normal', 1, '3221312', ''),
(18, 'Barbár18 ', '2020-08-19 15:14:12', 'Normal', 1, 'szex', ''),
(19, 'Barbár19 ', '2020-08-19 15:15:19', 'Normal', 1, 'Barbar', ''),
(20, '320 ', '2020-08-19 15:28:09', 'Normal', 1, '213', ''),
(21, '324121 ', '2020-08-19 15:33:58', 'Normal', 1, '2141234@21312', ''),
(22, '2122 ', '2020-08-19 15:35:15', 'Normal', 1, '213123', ''),
(23, '21321423 ', '2020-08-19 15:39:48', 'Normal', 1, '32121', ''),
(24, '213312324 ', '2020-08-19 15:40:23', 'Normal', 1, '21312', ''),
(25, '21312325 ', '2020-08-19 15:41:18', 'Normal', 1, '21323', ''),
(26, '2126 ', '2020-08-19 15:53:44', 'Normal', 1, '213123', ''),
(27, '231327 ', '2020-08-19 15:55:26', 'Normal', 1, '23132', ''),
(28, '231428 ', '2020-08-19 15:56:47', 'Normal', 1, '231321', ''),
(29, '21323129 ', '2020-08-19 15:57:06', 'Normal', 1, '21323', ''),
(30, '2132330 ', '2020-08-19 15:57:37', 'Normal', 1, '231321', ''),
(31, '21332131 ', '2020-08-19 16:00:40', 'Normal', 1, '231123', ''),
(32, '21341232 ', '2020-08-19 16:02:35', 'Normal', 1, '231231', ''),
(33, 'konyi33 ', '2020-08-19 16:03:02', 'Normal', 1, '213213', ''),
(34, 'konyi34 ', '2020-08-19 16:08:06', 'Normal', 1, '213213', ''),
(35, '21335 ', '2020-08-19 16:08:22', 'Normal', 1, '213231', ''),
(36, '21336 ', '2020-08-19 16:08:59', 'Normal', 1, '213231', ''),
(37, '21332137 ', '2020-08-19 16:12:02', 'Normal', 1, '213321', ''),
(38, 'asddsa38 ', '2020-08-22 11:55:35', 'Normal', 1, 'sadsad', ''),
(39, 'asddsa39 ', '2020-08-22 11:55:58', 'Normal', 1, 'sadsad', ''),
(40, 'saddsa40 ', '2020-08-22 11:56:30', 'Normal', 1, 'sadasd', ''),
(41, 'saddsa41 ', '2020-08-22 11:56:46', 'Normal', 1, 'sadasd', ''),
(42, 'Dagee42 ', '2020-08-22 11:57:09', 'Normal', 1, 'sadsad', ''),
(43, 'Sanyika43 ', '2020-08-22 11:58:22', 'Normal', 1, '32134123', ''),
(44, 'Sanyika44 ', '2020-08-22 11:59:40', 'Normal', 1, '32134123', ''),
(45, 'Sanyika45 ', '2020-08-22 12:04:44', 'Normal', 1, '32134123', ''),
(46, 'Sanyika46 ', '2020-08-22 12:04:52', 'Normal', 1, '32134123', ''),
(47, 'Sanyika47 ', '2020-08-22 12:05:40', 'Normal', 1, '32134123', ''),
(48, 'Sanyika48 ', '2020-08-22 12:05:47', 'Normal', 1, '32134123', ''),
(49, 'Sanyika49 ', '2020-08-22 12:05:50', 'Normal', 1, '32134123', ''),
(50, 'Sanyika50 ', '2020-08-22 12:06:08', 'Normal', 1, '32134123', ''),
(51, 'Sanyika51 ', '2020-08-22 12:06:39', 'Normal', 1, '32134123', ''),
(52, 'Sanyika52 ', '2020-08-22 12:06:59', 'Normal', 1, '32134123', ''),
(53, 'Sanyika53 ', '2020-08-22 12:07:41', 'Normal', 1, '32134123', ''),
(54, 'Sanyika54 ', '2020-08-22 12:09:17', 'Normal', 1, '32134123', ''),
(55, 'Sanyika55 ', '2020-08-22 12:09:55', 'Normal', 1, '32134123', ''),
(56, '2213213356 ', '2020-08-22 12:59:32', 'Normal', 1, 'Sanyi', ''),
(57, '21312332132157 ', '2020-08-22 13:01:20', 'Normal', 1, 'Sanyi', ''),
(58, '21312332132158 ', '2020-08-22 13:07:44', 'Normal', 1, 'Sanyi', ''),
(59, '21312332132159 ', '2020-08-22 13:09:07', 'Normal', 1, 'Sanyi', ''),
(60, '21312332132160 ', '2020-08-22 13:10:09', 'Normal', 1, 'Sanyi', ''),
(61, 'harminc61 ', '2020-08-22 13:10:37', 'Normal', 1, 'Sanyi', ''),
(62, 'asd62 ', '2020-08-22 13:11:23', 'Normal', 1, '21312', ''),
(63, 'asd63 ', '2020-08-22 13:11:59', 'Normal', 1, '21312', ''),
(64, 'Kalapos64 ', '2020-08-22 13:12:25', 'Normal', 1, 'harminc', ''),
(65, 'Petika65 ', '2020-08-22 13:14:11', 'Normal', 1, '123124', ''),
(66, 'Harmic dagados66 ', '2020-08-22 13:15:05', 'Normal', 1, 'Peti', ''),
(67, '2132167 ', '2020-08-22 13:19:08', 'Normal', 1, '21313', ''),
(68, 'kereks68 ', '2020-08-22 13:21:03', 'Normal', 1, 'kerekker', ''),
(69, 'kereks69 ', '2020-08-22 13:30:26', 'Normal', 1, '68348ddab847cf53f857', ''),
(70, 'Láma70 ', '2020-08-22 13:30:44', 'Normal', 1, 'fd5aa2af5cf9c7868a97', ''),
(71, 'Láma71 ', '2020-08-22 13:35:22', 'Normal', 1, 'c8ae38c751b546ce2939', ''),
(72, 'admin72 ', '2020-08-22 14:28:20', 'Normal', 1, 'd7a9aa3d1ed4037971d3', ''),
(73, 'sanyi73 ', '2020-08-22 14:29:58', 'Normal', 1, '56a9ffccc844e04219f0', ''),
(74, 'asdsad74 ', '2020-08-22 14:43:28', 'Normal', 1, '130fb4badf4786ba9012', 'sh4rmulgye'),
(75, 'hasika75 ', '2020-08-22 14:43:59', 'Normal', 1, '05f07b64b4deff5296a3', 'sejp2hm6rb'),
(76, 'Szandi76 ', '2020-08-22 16:26:14', 'Normal', 1, '4c733bc9116bdc01800f', 'h4vybi43yr'),
(77, 'Emili77 ', '2020-08-22 16:31:08', 'Normal', 1, '71e7feedaddd7b0c88ee', 'k5h9oocjgs'),
(78, 'Emili78 ', '2020-08-22 16:37:13', 'Normal', 1, 'eda4d2c4e11fff9cefaa01fdbed66135ce3b2ea5275b423eee5205954bdf620696006055d96c9fbf99b471f9257df59d0f856d2566fc8c14dbe32304f9c2a408', '25g8mxiy3l');

-- --------------------------------------------------------

--
-- Table structure for table `voucher`
--

CREATE TABLE `voucher` (
  `VoucherName` varchar(50) COLLATE utf8_hungarian_ci NOT NULL,
  `DiscountValue` decimal(4,2) NOT NULL
) ENGINE=InnoDB DEFAULT CHARSET=utf8 COLLATE=utf8_hungarian_ci;

--
-- Dumping data for table `voucher`
--

INSERT INTO `voucher` (`VoucherName`, `DiscountValue`) VALUES
('BEYOUNG', '0.89'),
('DEFAULT', '1.00'),
('DONTBEFAT', '0.50'),
('SLIMASSJOE', '0.77'),
('SUMMERSHINE', '0.93');

--
-- Indexes for dumped tables
--

--
-- Indexes for table `customer`
--
ALTER TABLE `customer`
  ADD PRIMARY KEY (`CustomerID`),
  ADD KEY `fk_UID` (`UID`);

--
-- Indexes for table `orderheader`
--
ALTER TABLE `orderheader`
  ADD PRIMARY KEY (`OrderID`),
  ADD KEY `fk_voucher` (`VoucherUsed`);

--
-- Indexes for table `orderitem`
--
ALTER TABLE `orderitem`
  ADD PRIMARY KEY (`ProductOrderID`),
  ADD KEY `fk_OrderID` (`OrderID`),
  ADD KEY `fk_productID` (`ProductID`);

--
-- Indexes for table `products`
--
ALTER TABLE `products`
  ADD PRIMARY KEY (`ProductID`);

--
-- Indexes for table `productstocks`
--
ALTER TABLE `productstocks`
  ADD PRIMARY KEY (`ProductID`);

--
-- Indexes for table `user`
--
ALTER TABLE `user`
  ADD PRIMARY KEY (`UID`);

--
-- Indexes for table `voucher`
--
ALTER TABLE `voucher`
  ADD PRIMARY KEY (`VoucherName`);

--
-- AUTO_INCREMENT for dumped tables
--

--
-- AUTO_INCREMENT for table `customer`
--
ALTER TABLE `customer`
  MODIFY `CustomerID` int(2) NOT NULL AUTO_INCREMENT, AUTO_INCREMENT=65;

--
-- AUTO_INCREMENT for table `orderheader`
--
ALTER TABLE `orderheader`
  MODIFY `OrderID` int(5) NOT NULL AUTO_INCREMENT, AUTO_INCREMENT=92;

--
-- AUTO_INCREMENT for table `products`
--
ALTER TABLE `products`
  MODIFY `ProductID` int(2) NOT NULL AUTO_INCREMENT, AUTO_INCREMENT=15;

--
-- AUTO_INCREMENT for table `user`
--
ALTER TABLE `user`
  MODIFY `UID` int(2) NOT NULL AUTO_INCREMENT, AUTO_INCREMENT=79;

--
-- Constraints for dumped tables
--

--
-- Constraints for table `customer`
--
ALTER TABLE `customer`
  ADD CONSTRAINT `fk_UID` FOREIGN KEY (`UID`) REFERENCES `user` (`UID`);

--
-- Constraints for table `orderheader`
--
ALTER TABLE `orderheader`
  ADD CONSTRAINT `fk_voucher` FOREIGN KEY (`VoucherUsed`) REFERENCES `voucher` (`VoucherName`);

--
-- Constraints for table `orderitem`
--
ALTER TABLE `orderitem`
  ADD CONSTRAINT `fk_OrderID` FOREIGN KEY (`OrderID`) REFERENCES `orderheader` (`OrderID`),
  ADD CONSTRAINT `fk_productID` FOREIGN KEY (`ProductID`) REFERENCES `products` (`ProductID`);

--
-- Constraints for table `productstocks`
--
ALTER TABLE `productstocks`
  ADD CONSTRAINT `productstocks_ibfk_1` FOREIGN KEY (`ProductID`) REFERENCES `products` (`ProductID`);
COMMIT;

/*!40101 SET CHARACTER_SET_CLIENT=@OLD_CHARACTER_SET_CLIENT */;
/*!40101 SET CHARACTER_SET_RESULTS=@OLD_CHARACTER_SET_RESULTS */;
/*!40101 SET COLLATION_CONNECTION=@OLD_COLLATION_CONNECTION */;
